input filename,count,PD number,start idx,end idx,Grouping_Envelope_Analysis,Energy_A5,Energy_D5,Energy_D4,Energy_D3,Energy_D2,Energy_D1,PC1,PC2,PC3,Simple PCA Feature Cluster ID
Ch1.csv,1,1.0,48164,54464,1,0.9986002779150696,4.892069310582569e-05,0.000100770384153,0.0001808462620888,0.0003440262960621,0.0007251584495205,0.0016242489117928,-0.0004938782797329,1.2126101960857616e-05,1
Ch1.csv,2,3.0,67948,74248,2,0.9972585393330964,9.20338678063662e-05,0.0001777787303226,0.0003600059848463,0.0007308187180895,0.0013808233658387,7.648288318340413e-05,-0.0006403423014326,1.1596479144782013e-05,2
Ch1.csv,3,4.0,85700,92000,3,0.99874909081185,0.0008791302172305,0.000130819161371,4.6046594386978885e-05,6.27907797838516e-05,0.0001321224353777,0.0019698295223745,0.0005266095939404,8.0206428836882e-06,3
Ch1.csv,4,3.0,132939,139239,4,0.9931666373821358,0.0011426150832078,0.000539672055821,0.0007910293688538,0.0014433547940053,0.0029166913159759,-0.0044609364755345,2.041085454121405e-05,5.23105207184682e-05,4
Ch1.csv,5,1.0,202570,208870,5,0.9979486581848976,5.700437027336109e-05,0.0001687698122877,0.0002520660998387,0.0005236941807447,0.0010498073519575,0.0008728200138472,-0.0005735539620191,3.628563350507874e-05,5
Ch1.csv,6,5.0,325578,331878,6,0.9981950597907688,0.0002011425341829,0.0001287267165069,0.0002149875779498,0.0004331482862622,0.000826935094329,0.0011873548549049,-0.000369262685065,1.2405551539695914e-05,6
Ch1.csv,7,2.0,390741,397041,7,0.9981626259496732,0.0003634119609834,0.0001401891050243,0.0002028795369227,0.0003941002987973,0.0007367931485989,0.0011854910466622,-0.0001763741625567,1.6871014710290178e-05,7
Ch1.csv,8,1.0,561702,568002,8,0.9992388261179632,4.396996028010156e-05,6.819879653095479e-05,9.737987228584806e-05,0.0001859341493281,0.0003656911036117,0.0023724027558658,-0.0003959605333886,2.819330028788758e-05,8
Ch1.csv,9,6.0,613786,620086,9,0.9952791716665604,0.0003960718912786,0.0003022577267467,0.0006089717605114,0.0011368019124054,0.0022767250424973,-0.0021704796452406,-0.0005817461056508,-1.0059655712602034e-05,9
Ch1.csv,10,4.0,710280,716580,10,0.998885272323901,0.0005160450586906,0.0001020322574918,7.719938273276341e-05,0.0001372078710584,0.0002822431061254,0.0020529467428797,0.0001102747163614,7.94763908049112e-06,10
Ch1.csv,11,6.0,717461,723761,11,0.9944964992723568,0.0001956993689414,0.0003686386046878,0.0007474428795446,0.0014067597180362,0.0027849601564331,-0.0031126607733767,-0.0009259145832197,2.543859777653923e-05,11
Ch1.csv,12,1.0,743686,749986,12,0.9986736373455,4.212617119873226e-05,7.425524101958455e-05,0.000164268925403,0.0003541325388589,0.0006915797780196,0.0017042266343326,-0.0004982762873523,-1.0016597774664682e-05,12
Ch1.csv,13,4.0,848130,854430,13,0.9995340866439306,0.000106281132851,4.207794699052063e-05,4.576705981847409e-05,9.505108736802791e-05,0.0001767361290412,0.0027259715248496,-0.0002812079884589,1.581572353989702e-05,13
Ch1.csv,14,2.0,979646,985946,14,0.998162440987284,0.0006016643458073,0.0001593474053692,0.0001687003885174,0.0003133332662381,0.000594513606784,0.001234688950734,0.0001109578212297,2.087559820948548e-05,14
Ch1.csv,15,2.0,1084392,1090692,15,0.9971477658147588,0.0009114157599551,0.0002478088327789,0.0002456660984037,0.0004783381668047,0.0009690053272984,0.0001121678353537,0.0003248698166191,1.3504933002006505e-05,15
Ch1.csv,16,6.0,1201101,1207401,16,0.9945153909888852,0.0003194542432149,0.0004101676037677,0.0005964692238827,0.0013107800274038,0.0028477379128454,-0.0031025727225938,-0.0008126103766653,-2.4082370123856837e-05,16
Ch1.csv,17,2.0,1277992,1284292,17,0.9972372218019774,0.001568963503171,0.0002660186313547,0.0001504519289814,0.0002623813092091,0.0005149628253062,0.0003524480104704,0.0011276244574474,5.389750383333336e-06,17
Ch1.csv,18,2.0,1406317,1412617,18,0.9955660029391216,0.0022932206136141,0.0004348466200818,0.0002682654008272,0.0004747236766474,0.0009629407497077,-0.00144090739581,0.0017513333395253,2.101827683884117e-05,18
Ch1.csv,19,4.0,1416989,1423289,19,0.9991549579617658,0.0003634042531228,8.231708884391492e-05,5.906440583801422e-05,0.0001141939070221,0.0002260623834074,0.0023369819394747,-3.0006768201418232e-05,1.483786058054104e-05,19
Ch1.csv,20,4.0,1474789,1481089,20,0.9989458115025022,0.0003468399908541,9.377619561293331e-05,9.358103749030666e-05,0.0001770569299534,0.0003429343435869,0.0020912539367191,-8.029135026038636e-05,1.6246796980562417e-05,20
Ch1.csv,21,4.0,1499828,1506128,21,0.9991818639059654,0.000229754930407,6.662777352646749e-05,9.05872670995729e-05,0.0001406469310209,0.0002905191919804,0.0023419574354074,-0.0001857697337122,1.4409450758534614e-05,21
Ch1.csv,22,4.0,1537077,1543377,22,0.999666192755985,5.417021232846688e-05,2.4388796930722698e-05,3.598960207747152e-05,7.466242316414264e-05,0.0001445962095142,0.0028669115179701,-0.000326968000849,8.40249531294801e-06,22
Ch1.csv,23,1.0,1660744,1667044,23,0.9978713696975424,6.295827222483843e-05,0.0001601762855707,0.0002912364499597,0.0005459705088837,0.0010682887858185,0.0007888843709765,-0.0005741194788716,3.755499550042729e-05,23
Ch1.csv,24,6.0,1738515,1744815,24,0.9922843303942004,0.000828495567743,0.0004629827278936,0.0008955852329775,0.0018592548306592,0.003669351246526,-0.005592994250545,-0.0005499877703782,-9.904588179751594e-05,24
Ch1.csv,25,3.0,1760149,1766449,25,0.9978697635358929,0.0003903699808453,0.0001776435360133,0.0002513894061826,0.0004628301807484,0.0008480033603173,0.0008594035746924,-0.0001756656581358,4.4672001920875726e-05,25
Ch1.csv,26,4.0,1802548,1808848,26,0.9974307902511004,0.0017276257800032,0.0002445644774908,0.0001038046360265,0.0001620555162068,0.0003311593391724,0.000605101237217,0.0013393567270888,-1.553781407312438e-05,26
Ch1.csv,27,2.0,1847808,1854108,27,0.9965744778436916,0.001133605620827,0.0002660746127649,0.0003195832316148,0.0005710719111298,0.0011351867799717,-0.0005100652494041,0.0005010752919792,-6.84386169286233e-06,27
Ch1.csv,28,6.0,1899665,1905965,28,0.9940487371834864,0.0011159933965021,0.0004205715773071,0.0006171924268213,0.0013528273399594,0.0024446780759234,-0.0034503144852603,0.0001007947747302,-1.338362781777569e-05,28
Ch1.csv,29,5.0,1910161,1916461,29,0.9964975560914368,0.0001307228080817,0.0002486408612162,0.0004578225479303,0.0008554715435763,0.0018097861477582,-0.0008079021568647,-0.0007131071459553,1.4599664623859976e-05,29
Ch1.csv,30,2.0,1948604,1954904,30,0.9962352968910702,0.0028031887397122,0.0002913253548545,0.0001171481039453,0.0001806513699543,0.0003723895404634,-0.0005884045171615,0.002414106035958,-0.0001183578257267,30
Ch1.csv,31,1.0,1968264,1974564,31,0.9971134313613738,0.0002808006440027,0.0001901165369977,0.0003534396435574,0.0007022059866422,0.0013600058274258,-5.778695207803164e-05,-0.0004410050259735,-8.2040350804502e-07,31
Ch2.csv,1,1.0,48182,54482,1,0.9979818277347609,6.858440201008376e-05,0.0001253872433131,0.0002466623062231,0.0005223558294845,0.001055182484208,0.0009021232860819,-0.0005727540099648,-1.1344753532538387e-05,7
Ch2.csv,2,3.0,67957,74257,2,0.998456519525508,4.8035398770414655e-05,0.0001108101544311,0.0002108147794991,0.0004009016563737,0.0007729184854175,0.0014636793728393,-0.0005088070546023,2.4795363295831985e-05,1
Ch2.csv,3,4.0,85711,92011,3,0.9986873568164916,0.0008888673510288,0.000133540153831,5.0077602683535695e-05,8.023036696601965e-05,0.0001599277089989,0.0018992626283469,0.000527933404476,5.235901953476452e-06,3
Ch2.csv,4,3.0,132962,139262,4,0.995747157691039,0.0009905257337896,0.0003348112895137,0.000460594506054,0.0008643884462844,0.001602522333319,-0.001486563872633,0.0002249227929539,3.564561211338857e-05,27
Ch2.csv,5,1.0,202588,208888,5,0.9968493672162116,0.0001055101493727,0.0002115497453535,0.00040211392897,0.0008205999468473,0.0016108590132446,-0.0004012576067089,-0.0006897752365281,8.007540307025662e-06,29
Ch2.csv,6,5.0,325588,331888,6,0.9987311805446364,0.0003098576291932,7.391594050477699e-05,0.0001360950886177,0.000249243313576,0.0004997074834718,0.0018262711941032,-0.0001692151767158,-1.6778411949969207e-05,25
Ch2.csv,7,2.0,390761,397061,7,0.9988207727223026,0.0003240952325246,9.36272645271817e-05,0.0001099198150659,0.0002182148067655,0.000433370158814,0.0019376880185559,-0.0001310587055086,5.688556012850565e-06,22
Ch2.csv,8,1.0,561723,568023,8,0.9988694372953012,6.763318544098194e-05,9.268365171374206e-05,0.0001339712789187,0.0002793414773107,0.0005569331113148,0.0019444426400736,-0.0004266058285674,2.181467104847568e-05,12
Ch2.csv,9,6.0,613787,620087,9,0.9953866730760864,0.0004336106165342,0.0003022922414514,0.0005786648334719,0.0011840153873298,0.002114743845126,-0.0020218066018865,-0.0005029395276578,1.6943053212953307e-05,9
Ch2.csv,10,4.0,710290,716590,10,0.9987511664379224,0.0005244080300785,0.0001200084403586,9.657384230399633e-05,0.0001690979312284,0.0003387453181078,0.0019019854996109,0.0001050004269808,1.9726225103905423e-05,10
Ch2.csv,11,6.0,717461,723761,11,0.994557772727515,0.0002482574182709,0.0003735874732516,0.0006646532437922,0.0013931258435035,0.0027626032936666,-0.0030447553322636,-0.0008694407114064,-8.245522696570529e-07,11
Ch2.csv,12,1.0,743707,750007,12,0.9980044069449177,7.860446037740393e-05,0.0001288492730799,0.0002549660551569,0.0005032266421331,0.0010299466243348,0.0009337711137227,-0.000552923031571,-1.6021052444969983e-06,6
Ch2.csv,13,4.0,848140,854440,13,0.9994562965951046,0.0001097426135797,3.912557127919638e-05,5.78865632525782e-05,0.0001148973779796,0.0002220512788041,0.002634026484265,-0.0002920889417852,6.987814395231773e-06,21
Ch2.csv,14,3.0,942365,948665,0,0.9928745336896196,0.0002688618838987,0.000460367905649,0.0008866306528518,0.001947668960224,0.0035619369077569,-0.0049866289663975,-0.0010873412212294,2.714364270628433e-06,28
Ch2.csv,15,2.0,979666,985966,14,0.9987130349266768,0.0005709715754619,9.166551246323656e-05,9.943928741140496e-05,0.0001767938145705,0.0003480948834161,0.0018595610693397,0.0001426482549808,-1.52677921279043e-05,0
Ch2.csv,16,2.0,1084412,1090712,15,0.9978545230227552,0.0009510406725089,0.0001796395047478,0.0001653919824164,0.0002867279022918,0.0005626769152795,0.0009428394738365,0.0004760238419475,-1.389369523541184e-06,14
Ch2.csv,17,6.0,1201115,1207415,16,0.9957431263382328,0.0001752310992645,0.000284751289335,0.0005544914781082,0.0010702478469743,0.0021721519480849,-0.0016764644372226,-0.0007748879364252,4.415984393657535e-06,16
Ch2.csv,18,2.0,1278012,1284312,17,0.997567378754979,0.001605507745566,0.0002465368151363,0.0001054937022451,0.0001617020264794,0.0003133809555934,0.0007454552121763,0.0012226466450218,7.721447510738999e-06,26
Ch2.csv,19,2.0,1406337,1412637,18,0.9961518919080424,0.0024490522143826,0.0003972715587757,0.0001821434306742,0.0002921100486513,0.0005275308394734,-0.0007207718048064,0.0020326166931372,2.6311679790169684e-05,18
Ch2.csv,20,4.0,1416999,1423299,19,0.9990404769654652,0.0003804306141471,7.810187052697535e-05,7.51484894209745e-05,0.0001461225170119,0.0002797195434276,0.0022051899257702,-3.060943957416962e-05,3.106905791722125e-06,19
Ch2.csv,21,4.0,1474800,1481100,20,0.998819405711698,0.0003456501555234,9.643061966837373e-05,0.0001056413602277,0.0002081854556563,0.0004246866972263,0.0019398812438603,-0.0001059052329399,5.496845501218317e-06,20
Ch2.csv,22,4.0,1499839,1506139,21,0.9990700322062144,0.0002061350912653,6.792137599390045e-05,9.44587839145169e-05,0.0001949317991579,0.000366520743454,0.0022043888912443,-0.0002346331404646,5.485917802916518e-06,8
Ch2.csv,23,4.0,1537087,1543387,22,0.9995343926895726,6.888792694301901e-05,3.133892873011165e-05,5.248053467928992e-05,9.748944439512076e-05,0.00021541047568,0.0027143827636458,-0.0003317716785567,3.362506791948494e-06,13
Ch2.csv,24,1.0,1660756,1667056,23,0.996953428765466,7.871117877878687e-05,0.0002210036062477,0.000380386077122,0.0007649948679738,0.0016014755044114,-0.0002902196524456,-0.0007091156682061,1.1932525559005258e-05,2
Ch2.csv,25,6.0,1738515,1744815,24,0.9925442592242985,0.0009093942983886,0.0004318090111101,0.000817773967933,0.0017078812881817,0.003588882210088,-0.0053006716089605,-0.0004457388838586,-0.0001583687704116,24
Ch2.csv,26,3.0,1760172,1766472,25,0.9986374203901668,0.0003706134582532,0.0001051255160373,0.0001274545080765,0.0002467946295942,0.0005125914978718,0.001731432008234,-0.0001058233516981,-4.3064672597403764e-07,23
Ch2.csv,27,4.0,1802559,1808859,26,0.9973462933424052,0.0016635772056049,0.000244614898247,0.0001298421959223,0.0002033617184982,0.0004123106393222,0.0004943895478957,0.0012504393395801,-1.4731175457971537e-05,17
Ch2.csv,28,2.0,1847828,1854128,27,0.9974601975124976,0.0011325106774995,0.0002190083974324,0.0001803230984878,0.0003322452443358,0.0006757150697465,0.0005178676219871,0.0006312120569947,-6.1162198668474055e-06,15
Ch2.csv,29,6.0,1899665,1905965,28,0.9939932185740612,0.0011169595248663,0.0003785946896038,0.0006713671145488,0.0013336238325754,0.0025062362643441,-0.003522808022177,7.979811901309697e-05,-5.2481533963477656e-05,4
Ch2.csv,30,5.0,1910169,1916469,29,0.99794499544066,7.860017264222495e-05,0.0001553281686157,0.0002604927090787,0.0005153091974792,0.0010452743115242,0.0008707332266856,-0.0005523540247897,2.354548344390972e-05,5
Ch2.csv,31,2.0,1948625,1954925,30,0.9965286911089,0.0027675687956226,0.0003029603268516,8.311051739123777e-05,0.0001130905212357,0.0002045787299985,-0.0002430820258703,0.002431876010619,-7.77581160294194e-05,30
Ch2.csv,32,1.0,1968283,1974583,31,0.9957948549286696,0.0002912388392017,0.0002454624491155,0.0005458488976305,0.0010183701501093,0.0021042247352731,-0.0016026951864699,-0.0006441641277309,-4.0037059067105085e-05,31
Ch3.csv,1,1.0,48221,54521,1,0.9967172096288406,0.0001239654581185,0.0002258078191945,0.0004050856554524,0.0008603070300262,0.0016676244083676,-0.0005513971223291,-0.0006872715294936,9.56922271869165e-06,2
Ch3.csv,2,3.0,67956,74256,2,0.9989903995649316,3.617108601806547e-05,6.535797850793404e-05,0.0001286819605254,0.0002671363697564,0.0005122530402601,0.0020768311370955,-0.0004504559914741,7.256260361770961e-06,12
Ch3.csv,3,4.0,85733,92033,3,0.998626977492227,0.0008635417123743,0.0001416072201892,6.639930690770797e-05,0.0001033121197973,0.0001981621485043,0.0018268332537199,0.000492540015018,1.4545766929996429e-05,3
Ch3.csv,4,3.0,132966,139266,4,0.9966980662598476,0.0011403470020444,0.0002854334041849,0.0002720640459975,0.0005427182711205,0.0010613710168048,-0.0003632982682182,0.0005324085379453,1.091729038765754e-05,15
Ch3.csv,5,1.0,202624,208924,5,0.994988592548668,0.0001356827349421,0.0003214968196982,0.0006775832839498,0.0013851145725229,0.0024915300402186,-0.0025416952738244,-0.0009142703887782,3.253932548116789e-05,16
Ch3.csv,6,5.0,325613,331913,6,0.9989384016844384,0.0002901209098263,6.395730070638123e-05,0.000101109838385,0.0001980508268649,0.0004083594397786,0.0020616748782877,-0.0001631548303664,-1.736938459911963e-05,21
Ch3.csv,7,2.0,390758,397058,7,0.99894993755803,0.0003314726312907,9.334854995327734e-05,9.6830832896555e-05,0.000177141637133,0.0003512687906965,0.0020929140768638,-9.798321454204673e-05,1.7001128507027063e-05,20
Ch3.csv,8,1.0,561759,568059,8,0.9982107954395528,9.585090753906576e-05,0.0001073934820834,0.0002334752005121,0.0004508797384479,0.0009016052318645,0.0011787641751141,-0.0005008067877811,-4.978172466668651e-06,5
Ch3.csv,9,6.0,613797,620097,9,0.995595583533068,0.0004755317674405,0.000299442718676,0.0004832156332182,0.0010564098162186,0.0020898165313783,-0.0017970717407074,-0.0004504116838207,-2.710206735317966e-05,0
Ch3.csv,10,4.0,710313,716613,10,0.9985745368865812,0.0005410994893204,0.000126457316513,0.0001191048209342,0.0002236321399958,0.000415169346655,0.0017005879837105,9.848969096284964e-05,1.6812560764606355e-05,7
Ch3.csv,11,6.0,717473,723773,11,0.9948077586297724,0.000216465861294,0.000345173593667,0.0006574177895722,0.0013429399693458,0.0026302441563486,-0.0027558974916818,-0.0008661165280279,1.5749737688752765e-06,11
Ch3.csv,12,1.0,743743,750043,12,0.9966829814742344,0.0001202636331117,0.0002398123071167,0.000400106945382,0.0008390112423767,0.0017178243977785,-0.0005972204359718,-0.000701134035478,8.551960179264961e-06,27
Ch3.csv,13,4.0,848164,854464,13,0.9993739131992742,0.0001027565425633,5.011653197484119e-05,6.869716580878025e-05,0.0001399451588405,0.0002645714015381,0.0025385058469461,-0.0003101755257812,1.3907851860034404e-05,13
Ch3.csv,14,3.0,942368,948668,0,0.9953085427485804,0.0001886681202017,0.000287290954924,0.0006266644531196,0.0011401904846298,0.0024486432385442,-0.0021921815052248,-0.0008410532160976,-3.223049290485003e-05,9
Ch3.csv,15,2.0,979662,985962,14,0.9987901430701962,0.0006081307349823,9.196790285123949e-05,7.845462263404987e-05,0.0001395320233609,0.000291771645975,0.001955445721123,0.0001975902908484,-1.6103494895364223e-05,25
Ch3.csv,16,2.0,1084408,1090708,15,0.99809731612645,0.0009254158598955,0.0001736566149797,0.0001268718074471,0.0002144403185664,0.0004622992726612,0.0012181480814134,0.0004809395119008,2.266194892103224e-06,14
Ch3.csv,17,6.0,1201110,1207410,16,0.9963202413312856,0.000211366132261,0.0002636062176471,0.0005333947136818,0.0008932278847373,0.0017781637203867,-0.0009762569579332,-0.0006187173004307,5.4815588894363554e-05,31
Ch3.csv,18,2.0,1278008,1284308,17,0.9976786886697636,0.0016395276453907,0.0002394649369843,7.861760675444891e-05,0.0001243175988735,0.0002393835422332,0.000879907564927,0.0012776400155672,2.273983137596192e-06,26
Ch3.csv,19,2.0,1406333,1412633,18,0.9963007501138446,0.0025651114667237,0.0003662085659413,0.0001312696039747,0.0001993794070667,0.0004372808424488,-0.0005406532818995,0.0021721271016136,-2.197437997056295e-05,18
Ch3.csv,20,4.0,1417023,1423323,19,0.9989796432301284,0.0003410592379642,8.802241699696207e-05,9.367910665689153e-05,0.0001691041364596,0.0003284918717937,0.0021293671262657,-8.256877843854094e-05,1.433862316699286e-05,19
Ch3.csv,21,4.0,1474822,1481122,20,0.9985861864948924,0.0003695560225722,0.000105707684526,0.0001425612516643,0.0002693508142786,0.0005266377320663,0.001674754055441,-0.0001115830209026,3.631660346836707e-06,6
Ch3.csv,22,4.0,1499863,1506163,21,0.998901485311132,0.0002134844890305,8.303624679131965e-05,0.0001280151251791,0.0002325326817817,0.0004414461460851,0.0020134786442003,-0.0002464177440003,1.5393715656841778e-05,22
Ch3.csv,23,4.0,1537110,1543410,22,0.9993590834215212,7.107528677824895e-05,4.671730541245299e-05,7.291580073498117e-05,0.0001565566510816,0.0002936515344714,0.0025137416809951,-0.0003519123795865,1.0360312257651216e-05,8
Ch3.csv,24,1.0,1660803,1667103,23,0.9950689483031387,0.000196383641125,0.0003160348439224,0.0006037066254778,0.0013003575059079,0.0025145690804279,-0.0024619113466818,-0.0008591180174951,-1.7873861439310357e-05,0
Ch3.csv,25,6.0,1738526,1744826,24,0.9931735203060872,0.0008334376624392,0.0004277327606922,0.0008321550104774,0.0015599311757218,0.0031732230845817,-0.0045442330994474,-0.0003922383435545,-5.655633324558318e-05,4
Ch3.csv,26,3.0,1760175,1766475,25,0.998933865593336,0.0004060755768232,8.576762277207057e-05,9.364308975781512e-05,0.000164553284688,0.0003160948326228,0.0020880156070911,-1.4038460045773247e-05,6.039360426979279e-06,10
Ch3.csv,27,4.0,1802582,1808882,26,0.9972040973992292,0.0016239630345116,0.0002543627911168,0.0001465185214053,0.0002567147873799,0.000514343466357,0.0003198264970073,0.0011806547820046,-1.5113032038355234e-05,17
Ch3.csv,28,2.0,1847824,1854124,27,0.9976718822299092,0.0011916999782303,0.0001894937848528,0.000155143180764,0.0002541179103263,0.0005376629159171,0.0007729004112394,0.0007281099624398,-2.3771372269415503e-05,23
Ch3.csv,29,6.0,1899676,1905976,28,0.9943656944765388,0.0011217119215593,0.0002940856330926,0.0006163825203533,0.0011736972027205,0.0024284282457353,-0.0031214747429656,9.776125289076564e-05,-0.0001475394020141,28
Ch3.csv,30,5.0,1910243,1916543,29,0.9987067532747316,4.868112212781666e-05,8.555989387794005e-05,0.0001667286192847,0.0003262114652347,0.0006660656247429,0.0017475066089174,-0.0004798823844038,5.384201499591956e-06,1
Ch3.csv,31,0.0,1916244,1922544,0,0.9965296242976784,0.0001145720601431,0.0002491647264486,0.0004376272158185,0.0009410492368888,0.0017279624630226,-0.0007605244461541,-0.0007131346690908,3.599379911689571e-05,29
Ch3.csv,32,2.0,1948621,1954921,30,0.9966394529783484,0.0027609745486594,0.0002721101693353,7.083889814306382e-05,8.70543310051219e-05,0.0001695690745086,-0.0001225227112428,0.0024300549910991,-0.0001048393341562,30
Ch3.csv,33,1.0,1968320,1974620,31,0.9931125966669884,0.0003004625839234,0.0005131320939646,0.0009396875971435,0.0017259119209974,0.0034082091369824,-0.0046832036838146,-0.0009816055113944,9.09612642814861e-05,24
Ch4.csv,1,1.0,48256,54556,1,0.995012873566488,0.000146383294826,0.0003518720329469,0.0006144923252425,0.0013495765296358,0.0025248022508605,-0.0025231371673407,-0.000907632942247,2.8824116492548457e-05,29
Ch4.csv,2,3.0,67963,74263,2,0.9992865012105822,3.591530302662865e-05,5.040131577211308e-05,9.779744872584528e-05,0.0001698339332665,0.0003595507886267,0.002421993692327,-0.0004047936382683,1.2248132900599671e-05,8
Ch4.csv,3,4.0,85758,92058,3,0.998560340568643,0.0008276419430393,0.0001372587407651,7.679595532692155e-05,0.0001384170155115,0.0002595457767139,0.001739761743227,0.0004361371741622,6.193130839826644e-06,3
Ch4.csv,4,3.0,132970,139270,4,0.997353256816284,0.0010721977304614,0.0002889695902259,0.0002207449931174,0.0003466191493165,0.0007182117205945,0.0004020381250424,0.0005744514047349,7.567290039223185e-05,15
Ch4.csv,5,1.0,202662,208962,5,0.9923374510539515,0.0002724855539136,0.00058338885589,0.0009948780631262,0.0019577527537062,0.0038540437194121,-0.0055967911891423,-0.0011362760566828,9.086438633934546e-05,24
Ch4.csv,6,5.0,325635,331935,6,0.9991301755723242,0.0001836695933945,6.160259468009851e-05,8.701168021375293e-05,0.0001744227367175,0.0003631178226698,0.0022663935764088,-0.0002564020732714,-8.675832950666429e-07,21
Ch4.csv,7,2.0,390751,397051,7,0.9990408178767282,0.0003351527088621,7.958359503047411e-05,8.094335577135424e-05,0.0001556628338625,0.0003078396297454,0.0021965998834407,-8.406938345995041e-05,6.5012975289380215e-06,20
Ch4.csv,8,1.0,561793,568093,8,0.9972856029473932,0.0001188536394058,0.0001673634542716,0.0003696035840757,0.0006812333098507,0.0013773430650025,0.0001084417489627,-0.0006105113204082,-1.522277047222298e-06,2
Ch4.csv,9,6.0,613813,620113,9,0.9951961618530372,0.0003976958930299,0.0003122682641414,0.000537694810917,0.0012171112383893,0.0023390679404849,-0.0022781940562905,-0.0006056624051595,-3.461638019250368e-05,9
Ch4.csv,10,4.0,710337,716637,10,0.9983805312299208,0.0004867917295712,0.0001411492620695,0.0001494977951993,0.0002764270751518,0.0005656029080873,0.0014611450643695,1.980595168260546e-06,1.6251681264123352e-05,7
Ch4.csv,11,6.0,717489,723789,11,0.9945314678675456,0.0001868086086521,0.0003392916020861,0.0006735127349356,0.0014727384205032,0.0027961807662773,-0.0030894092554315,-0.0009530677012917,-2.6045762002602224e-05,11
Ch4.csv,12,1.0,743778,750078,12,0.9949071724450133,0.000155964297133,0.0003325225807172,0.0006353434238104,0.0013461915262106,0.0026228057271154,-0.002656505080992,-0.0009286975484736,-8.351946131052168e-06,16
Ch4.csv,13,4.0,848187,854487,13,0.9991883635185782,0.0001086937562226,5.827256181626271e-05,9.356657026683732e-05,0.0001825599272804,0.0003685436658355,0.0023214989010783,-0.0003339813939592,7.444203632217539e-06,13
Ch4.csv,14,3.0,942372,948672,31,0.996812191882224,0.0001344994802529,0.0001940483970982,0.0004137436669076,0.0008360011841897,0.0016095153893273,-0.000439774701917,-0.0006644846629306,-7.78019772385008e-06,27
Ch4.csv,15,2.0,979656,985956,14,0.9989294167435676,0.0005546497678625,8.43776052220706e-05,7.470946671694252e-05,0.0001226204288027,0.0002342259878282,0.0021110387233922,0.0001599131824883,-4.890738927315619e-06,10
Ch4.csv,16,2.0,1084402,1090702,15,0.9981949385436116,0.0009640698085982,0.0001397108331231,0.0001104765450187,0.0001939750042124,0.0003968292654356,0.001333858883045,0.0005318724098799,-2.76236547327724e-05,14
Ch4.csv,17,6.0,1201116,1207416,16,0.9969167032381662,0.0001594948823871,0.0001984671580162,0.0003700969346277,0.0007720271134616,0.0015832106733409,-0.0003230162875104,-0.0006287620438163,-1.9829920329061945e-05,23
Ch4.csv,18,3.0,1230622,1236922,0,0.9860221785017446,0.0052551809469009,0.0014467999804107,0.0011577796281912,0.0020265981908936,0.0040914627518589,-0.0118751466150922,0.0039713273927994,0.0002752678997911,0
Ch4.csv,19,2.0,1278002,1284302,17,0.997728639552077,0.0016495702569175,0.0002185908074982,7.727630395318067e-05,0.0001112951386223,0.0002146279409316,0.000936707000518,0.0012912935497819,-1.502979226794543e-05,26
Ch4.csv,20,2.0,1406327,1412627,18,0.996508554648394,0.002427505739412,0.0003803265867859,0.0001311468665965,0.0001932221288534,0.000359244029958,-0.0003113114376427,0.0020599930689433,2.8940006280397945e-05,18
Ch4.csv,21,4.0,1417046,1423346,19,0.9987262372288596,0.0003780890487271,0.0001100927171954,0.0001126812796486,0.0002142325313172,0.0004586671942519,0.0018380290147349,-8.032482263911622e-05,9.216443863702128e-06,12
Ch4.csv,22,4.0,1474847,1481147,20,0.9983383817168456,0.0002996067008646,0.0001166821833445,0.000187590188008,0.0003423951351544,0.0007153440757826,0.0013690785152695,-0.0002361442843721,-1.337262864109512e-06,6
Ch4.csv,23,4.0,1499885,1506185,21,0.9985839283382044,0.0002236810627785,0.0001148415000407,0.0001514278440877,0.0002978269714283,0.0006282942834602,0.0016408852098795,-0.0002864498761945,1.2654211405949134e-05,1
Ch4.csv,24,4.0,1537136,1543436,22,0.99914937555125,7.19367339699116e-05,5.062733899574096e-05,0.0001049918086865,0.0002140695297729,0.0004089990373247,0.0022680263980117,-0.0003856279341461,1.1352198874270414e-06,22
Ch4.csv,25,1.0,1660858,1667158,23,0.9920971405917548,0.000284259845981,0.0005027258787814,0.0010422411171152,0.0020222592795415,0.0040513732868257,-0.0059010068524403,-0.0011998276214972,-1.7411630847258275e-05,0
Ch4.csv,26,6.0,1738541,1744841,24,0.992821211487189,0.0008876437198678,0.0004239479338913,0.000814573547153,0.0016648882527923,0.0033877350591061,-0.0049648725669269,-0.000408694442513,-0.0001184847472835,4
Ch4.csv,27,3.0,1760179,1766479,25,0.9991406143528736,0.0003772902847284,8.706865247950691e-05,6.273248629710355e-05,0.000112729119395,0.0002195651042264,0.0023250698594038,-1.2936654149919846e-05,2.03970124553754e-05,19
Ch4.csv,28,4.0,1802605,1808905,26,0.9968933313207308,0.0016116153726846,0.0003054042156475,0.0001855517393797,0.0003428873112466,0.0006612100403104,-3.5369447540900545e-05,0.0011328357224946,2.0669237602050083e-05,17
Ch4.csv,29,2.0,1847818,1854118,27,0.9978489688312416,0.00113176603174,0.0001755416966875,0.0001298580554613,0.0002344333904752,0.0004794319943941,0.0009658708394194,0.0006818431880367,-2.5420905264555985e-05,25
Ch4.csv,30,6.0,1899691,1905991,28,0.9940147823778274,0.0011447455195612,0.0003296707790766,0.0006530196176839,0.0013441593599941,0.0025136223458567,-0.0035070254108807,9.351580765110112e-05,-0.0001119051260089,28
Ch4.csv,31,5.0,1910265,1916565,29,0.9991194540459616,3.397903157428904e-05,5.9874706055593694e-05,0.000114728280292,0.0002146777732421,0.0004572861628743,0.0022248825753107,-0.0004350306535325,7.070156474914269e-06,31
Ch4.csv,32,0.0,1916266,1922566,0,0.9975758990375492,9.746555140608905e-05,0.0001871886799783,0.0003065530662856,0.0006298123438975,0.0012030813208833,0.0004512251710405,-0.0005777159661651,3.790027491074044e-05,5
Ch4.csv,33,2.0,1948615,1954915,30,0.9966565073696972,0.0027839574042069,0.0002714202860749,6.459891799287102e-05,7.335338870566308e-05,0.0001501626333224,-9.884127827042288e-05,0.0024591342302668,-0.0001069989875902,30
